,Brand name,Watch name,Price & Offer
0,Roadster,Pure Cotton T-shirt,Rs. 284Rs. 499(43% OFF)
1,Louis Philippe Sport,Knitted Polo Collar T-shirt,Rs. 1124Rs. 1499(25% OFF)
2,Huetrap,Typography Print T-shirt,Rs. 395Rs. 1099(64% OFF)
3,Urbano Fashion,Slim Tropical Printed Pure Cotton T-shirt,Rs. 395Rs. 1099(64% OFF)
4,Roadster,Striped Cotton Pure Cotton T-shirt,Rs. 429Rs. 999(57% OFF)
5,Lux Cozi,Polo Collar Cotton T-Shirt,Rs. 380
6,HRX by Hrithik Roshan,Printed Pure Cotton T-shirt,Rs. 349Rs. 699(50% OFF)
7,Nautica,Men Solid Cotton T-shirt,Rs. 1481Rs. 2599(43% OFF)
8,Roadster,Solid Round Neck T-shirt,Rs. 284Rs. 299(5% OFF)
9,Puma,Printed Polo Slim Fit T-shirt,Rs. 1241Rs. 2299(46% OFF)
10,HRX by Hrithik Roshan,Training Rapid-Dry Tshirts,Rs. 404Rs. 899(55% OFF)
11,Lux Cozi,Polo Collar Cotton T-Shirt,Rs. 380
12,Roadster,Printed Round Neck Pure Cotton T-shirt,Rs. 251Rs. 599(58% OFF)
13,LOCOMOTIVE,Men Printed Slim Fit T-shirt,Rs. 188Rs. 699(73% OFF)
14,Louis Philippe Sport,Men Polo Collar Slim Fit T-shirt,Rs. 1049Rs. 1499(30% OFF)
15,Roadster,Men Cotton Pure Cotton T-shirt,Rs. 284Rs. 499(43% OFF)
16,Lux Cozi,Pure Cotton T-shirt,Rs. 380
17,LOCOMOTIVE,Men Typography Printed T-shirt,Rs. 256Rs. 949(73% OFF)
18,H&M,Cotton Pure Cotton T-shirt Regular Fit,Rs. 499
19,Roadster,Typography Cotton T-shirt,Rs. 329Rs. 599(45% OFF)
20,HRX by Hrithik Roshan,Rapid Dry T-shirt,Rs. 359Rs. 899(60% OFF)
21,U.S. Polo Assn. Denim Co.,Men Pure Cotton T-shirt,Rs. 1439Rs. 1599(10% OFF)
22,Lux Cozi,Polo Collar Cotton T-Shirt,Rs. 380
23,Roadster,Printed Cotton Pure Cotton T-shirt,Rs. 323Rs. 599(46% OFF)
24,HRX by Hrithik Roshan,Ultralyte Men Running T-shirt,Rs. 494Rs. 899(45% OFF)
25,Louis Philippe Sport,Polo Collar T-shirt,Rs. 974Rs. 1499(35% OFF)
26,Nautica,Men Pure Cotton T-shirt,Rs. 1481Rs. 2599(43% OFF)
27,Roadster,Pure Cotton T-shirt,Rs. 299Rs. 599(50% OFF)
28,Lux Cozi,Pure Cotton T-shirt,Rs. 380
29,HRX by Hrithik Roshan,Running Bio-Wash Tshirt,Rs. 384Rs. 699(45% OFF)
30,Bewakoof,Printed Oversized T-Shirt,Rs. 509Rs. 1499(66% OFF)
31,Roadster,Men Solid Round Neck T-shirt,Rs. 275Rs. 599(54% OFF)
32,Louis Philippe,Men Printed Polo Collar T-shirt,Rs. 1359Rs. 1999(32% OFF)
33,Louis Philippe Jeans,Polo Collar Slim Fit T-shirt,Rs. 1049Rs. 1499(30% OFF)
34,Lux Cozi,Pure Cotton T-shirt,Rs. 380
35,Bewakoof,Printed Oversized T-Shirt,Rs. 524Rs. 1499(65% OFF)
36,Roadster,Solid Polo Collar T-shirt,Rs. 449Rs. 999(55% OFF)
37,Blackberrys,Men Striped Polo Collar Slim Fit T-shirt,Rs. 1295
38,Louis Philippe,Men Printed Polo Collar T-shirt,Rs. 1359Rs. 1999(32% OFF)
39,Bewakoof,Printed Oversized T-Shirt,Rs. 509Rs. 1499(66% OFF)
40,Lux Cozi,Pure Cotton T-shirt,Rs. 380
41,Roadster,Men Solid T-shirt,Rs. 274Rs. 499(45% OFF)
42,U.S. Polo Assn.,Men Polo Collar Slim Fit T-shirt,Rs. 1439Rs. 1599(10% OFF)
43,Louis Philippe,Men Printed Polo Collar T-shirt,Rs. 1359Rs. 1999(32% OFF)
44,Kook N Keech,Striped Pure Cotton Relaxed T-shirt,Rs. 593Rs. 1099(46% OFF)
45,Louis Philippe Jeans,Men Polo Collar Slim Fit T-shirt,Rs. 1499
46,Lux Cozi,Polo Collar Cotton T-Shirt,Rs. 380
47,max,Round Neck Lounge Tshirts,Rs. 198Rs. 199(Rs. 1 OFF)
48,Roadster,Printed Cotton Pure Cotton T-shirt,Rs. 383Rs. 799(52% OFF)
49,Levis,Polo Collar T-shirt,Rs. 1799
